method,path_mmd2,terminal_mmd2,increment_mmd2,volatility_mmd,terminal_swd,path_swd,cov_error,mean_rmse,std_error,kurtosis_error,acf_err_abs,acf_err_sq,discriminative_score,predictive_score,teacher_sigma_corr,teacher_sigma_rmse,params,time_sec
rgan,0.053389680586345335,0.07067645472769395,0.20698211501869518,2.9193386472391545,4.666061401440025,3.202077007437656,44.62989196863932,3.050044877627897,4.24234703820084,0.3225645069619005,0.07065676443680943,0.07065768183619851,NaN,NaN,-0.008448483651052907,5.320281983691689,5714,1777.3
timevae,0.05600046478189976,0.009366324620954566,0.1646349495544467,2.110522139405378,1.8882446008535032,1.3288093504078056,37.17830950685897,0.87304233291934,0.7865434002636195,1.8563747463617004,0.03187866144377042,0.029665820306945947,NaN,NaN,0.001788436286627704,0.3083608165611877,195012,152.5
csdi,0.007709502185774153,0.008489942106027593,0.027237600800073737,0.7157074577914475,2.446810397087231,1.2605583867632657,16.90977041691263,2.2865687742381082,0.41765525244194457,0.13185178529187658,0.018963304962493464,0.017584027889035243,NaN,NaN,0.0032305822734128146,0.6585263332306003,609553,452.4
diffusionts,0.036832056729541415,0.030017879719373596,0.08136197406029341,1.5684583939117096,4.453299683115306,3.2442500445492413,30.163113633672232,3.8789489021516204,0.6186578966037128,0.2879925545365799,0.0592575171985805,0.06212743907976094,NaN,NaN,-0.004369917620599925,0.45942328241023633,478745,1751.0