method,path_mmd2,terminal_mmd2,increment_mmd2,volatility_mmd,terminal_swd,path_swd,cov_error,mean_rmse,std_error,kurtosis_error,acf_err_abs,acf_err_sq,discriminative_score,predictive_score,teacher_sigma_corr,teacher_sigma_rmse,params,time_sec
diffusionts,0.03215628524879677,0.03262604236329163,0.08181613865870885,1.6167445176079263,8.535818806241327,5.779593004061485,103.1144365946069,8.22508482112759,0.6453751193578847,0.2998002450529317,0.05555266610267469,0.058610525407918515,NaN,NaN,-0.0009595389273052401,0.427799442114424,588057,2808.9