method,path_mmd2,terminal_mmd2,increment_mmd2,volatility_mmd,terminal_swd,path_swd,cov_error,mean_rmse,std_error,kurtosis_error,acf_err_abs,acf_err_sq,discriminative_score,predictive_score,params,time_sec
timegan,0.0028275201871762246,0.006554118312549262,0.0046536259221486185,0.8802030037106409,0.1186195861861983,0.12152219540496123,0.3518546636742961,0.07463695540658563,0.12825472008352587,2.338695210250937,0.21539756378215597,0.25022585616916526,0.46375,0.38980694901879526,48606,0.0
rgan,0.004893488231608734,0.007576719705876566,0.0037790215399652106,0.781492284166063,0.09260498427023577,0.08393191440364092,0.16866663845574745,0.18719230184065921,0.16129480902951615,1.6334293196153766,0.19263499460358768,0.23728878930080372,0.4225,0.390011882492231,6198,0.0
gtgan,0.006678430696631122,0.006384096619144852,0.00043987063818424766,0.7173880525672804,0.14776892652352125,0.14426692193113372,0.3203071588846157,0.0646859132557984,0.10993093238441547,44.06372043492712,0.15010102028299635,0.2117012141540775,0.475,0.3815498333188763,12168,0.0
timevae,0.008385755028101193,0.00955478843777029,0.0013127677927594395,0.872986796751533,0.15401037691307906,0.13109223181950386,0.20831674591708133,0.1676967049336767,0.0289276779971759,2.631968403737403,0.23491650243174864,0.24783417251164153,0.04625000000000003,0.3215852109057507,181816,0.0
fourierflows,0.0006346610132932362,0.0004939136521345145,9.107163314179268e-05,0.23910106826474883,0.03841266918611634,0.045216057068991726,0.053027154853841504,0.03887124214935914,0.005456551342716215,0.383020418905388,0.10362672119351383,0.10354266011806243,0.12875,0.3179090442245087,273678,0.0
csdi,0.004576028528279608,0.0026905179325540816,0.0004538039797932214,0.17647279096302532,0.05448685384580102,0.06680221094299005,0.05952437606626103,0.1096457608990425,0.017781553440349,0.47965547518632323,0.08591650054169439,0.10346003933437067,0.14875,0.32922852761625976,609617,0.0
tsdiff,0.1888086440526091,0.1844249812399672,0.0002889675542410153,1.1407387095930646,0.48433644855032,0.48209139884768587,0.2833175485799515,1.1097446443167414,0.1275020480644544,0.0,0.24554694131806826,0.25681131237059607,NaN,NaN,192582,0.0
diffusionts,0.008968862790631337,0.01055557701373675,0.0003167040247629149,0.21384347310218255,0.1023888242617643,0.09367826945928545,0.10959895561064474,0.24729856179200804,0.03214941770826465,0.9577323575347784,0.06505611213511775,0.08177082471625029,0.30125,0.35576830935965037,449373,0.0